GHO (CODE),GHO (DISPLAY),GHO (URL),PUBLISHSTATE (CODE),PUBLISHSTATE (DISPLAY),PUBLISHSTATE (URL),YEAR (CODE),YEAR (DISPLAY),YEAR (URL),REGION (CODE),REGION (DISPLAY),REGION (URL),COUNTRY (CODE),STARTYEAR,ENDYEAR,COUNTRY (DISPLAY),COUNTRY (URL),SEX (CODE),SEX (DISPLAY),SEX (URL),Display Value,Numeric,Low,High,StdErr,StdDev,Comments
#indicator+code,#indicator+name,#indicator+url,#status+code,#status+name,,,#date+year,,#region+code,#region+name,,#country+code,#date+year+start,#date+year+end,#country+name,,#sex+code,#sex+name,,,#indicator+value+num,,,,,
HWF_0003,Generalist medical practitioners (number),https://www.who.int/data/gho/indicator-metadata-registry/imr-details/5316,PUBLISHED,Published,,2000,2000,,EUR,Europe,,UKR,2000,2000,Ukraine,,,,,12995,12995.00000,,,,,"Includes Generalist medical practitioners. Data source: WHO/Europe  Hlth-Res-DB,  November 2019"
HWF_0003,Generalist medical practitioners (number),https://www.who.int/data/gho/indicator-metadata-registry/imr-details/5316,PUBLISHED,Published,,2001,2001,,EUR,Europe,,UKR,2001,2001,Ukraine,,,,,13199,13199.00000,,,,,"Includes Generalist medical practitioners. Data source: WHO/Europe  Hlth-Res-DB,  November 2019"
HWF_0003,Generalist medical practitioners (number),https://www.who.int/data/gho/indicator-metadata-registry/imr-details/5316,PUBLISHED,Published,,2002,2002,,EUR,Europe,,UKR,2002,2002,Ukraine,,,,,13354,13354.00000,,,,,"Includes Generalist medical practitioners. Data source: WHO/Europe  Hlth-Res-DB,  November 2019"
HWF_0003,Generalist medical practitioners (number),https://www.who.int/data/gho/indicator-metadata-registry/imr-details/5316,PUBLISHED,Published,,2003,2003,,EUR,Europe,,UKR,2003,2003,Ukraine,,,,,13749,13749.00000,,,,,"Includes Generalist medical practitioners. Data source: WHO/Europe  Hlth-Res-DB,  November 2019"
HWF_0003,Generalist medical practitioners (number),https://www.who.int/data/gho/indicator-metadata-registry/imr-details/5316,PUBLISHED,Published,,2004,2004,,EUR,Europe,,UKR,2004,2004,Ukraine,,,,,14256,14256.00000,,,,,"Includes Generalist medical practitioners. Data source: WHO/Europe  Hlth-Res-DB,  November 2019"
HWF_0003,Generalist medical practitioners (number),https://www.who.int/data/gho/indicator-metadata-registry/imr-details/5316,PUBLISHED,Published,,2005,2005,,EUR,Europe,,UKR,2005,2005,Ukraine,,,,,14912,14912.00000,,,,,"Includes Generalist medical practitioners. Data source: WHO/Europe  Hlth-Res-DB,  November 2019"
HWF_0003,Generalist medical practitioners (number),https://www.who.int/data/gho/indicator-metadata-registry/imr-details/5316,PUBLISHED,Published,,2006,2006,,EUR,Europe,,UKR,2006,2006,Ukraine,,,,,14917,14917.00000,,,,,"Includes Generalist medical practitioners. Data source: WHO/Europe  Hlth-Res-DB,  November 2019"
HWF_0003,Generalist medical practitioners (number),https://www.who.int/data/gho/indicator-metadata-registry/imr-details/5316,PUBLISHED,Published,,2007,2007,,EUR,Europe,,UKR,2007,2007,Ukraine,,,,,15368,15368.00000,,,,,"Includes Generalist medical practitioners. Data source: WHO/Europe  Hlth-Res-DB,  November 2019"
HWF_0003,Generalist medical practitioners (number),https://www.who.int/data/gho/indicator-metadata-registry/imr-details/5316,PUBLISHED,Published,,2008,2008,,EUR,Europe,,UKR,2008,2008,Ukraine,,,,,15735,15735.00000,,,,,"Includes Generalist medical practitioners. Data source: WHO/Europe  Hlth-Res-DB,  November 2019"
HWF_0003,Generalist medical practitioners (number),https://www.who.int/data/gho/indicator-metadata-registry/imr-details/5316,PUBLISHED,Published,,2009,2009,,EUR,Europe,,UKR,2009,2009,Ukraine,,,,,16503,16503.00000,,,,,"Includes Generalist medical practitioners. Data source: WHO/Europe  Hlth-Res-DB,  November 2019"
HWF_0003,Generalist medical practitioners (number),https://www.who.int/data/gho/indicator-metadata-registry/imr-details/5316,PUBLISHED,Published,,2010,2010,,EUR,Europe,,UKR,2010,2010,Ukraine,,,,,16090,16090.00000,,,,,"Includes Generalist medical practitioners. Data source: WHO/Europe  Hlth-Res-DB,  November 2019"
HWF_0003,Generalist medical practitioners (number),https://www.who.int/data/gho/indicator-metadata-registry/imr-details/5316,PUBLISHED,Published,,2011,2011,,EUR,Europe,,UKR,2011,2011,Ukraine,,,,,15856,15856.00000,,,,,"Includes Generalist medical practitioners. Data source: WHO/Europe  Hlth-Res-DB,  November 2019"
HWF_0003,Generalist medical practitioners (number),https://www.who.int/data/gho/indicator-metadata-registry/imr-details/5316,PUBLISHED,Published,,2012,2012,,EUR,Europe,,UKR,2012,2012,Ukraine,,,,,16835,16835.00000,,,,,"Includes Generalist medical practitioners. Data source: WHO/Europe  Hlth-Res-DB,  November 2019"
HWF_0003,Generalist medical practitioners (number),https://www.who.int/data/gho/indicator-metadata-registry/imr-details/5316,PUBLISHED,Published,,2013,2013,,EUR,Europe,,UKR,2013,2013,Ukraine,,,,,17711,17711.00000,,,,,"Includes Generalist medical practitioners. Data source: WHO/Europe  Hlth-Res-DB,  November 2019"
HWF_0003,Generalist medical practitioners (number),https://www.who.int/data/gho/indicator-metadata-registry/imr-details/5316,PUBLISHED,Published,,2014,2014,,EUR,Europe,,UKR,2014,2014,Ukraine,,,,,16249,16249.00000,,,,,"Includes Generalist medical practitioners. Data source: WHO/Europe  Hlth-Res-DB,  November 2019"
HWF_0004,Specialist medical practitioners (number),https://www.who.int/data/gho/indicator-metadata-registry/imr-details/5317,PUBLISHED,Published,,2000,2000,,EUR,Europe,,UKR,2000,2000,Ukraine,,,,,134962,134962.00000,,,,,"Includes Specialist medical practitioners. Data source: WHO/Europe, Hlth-Res-DB, November 2019"
HWF_0004,Specialist medical practitioners (number),https://www.who.int/data/gho/indicator-metadata-registry/imr-details/5317,PUBLISHED,Published,,2001,2001,,EUR,Europe,,UKR,2001,2001,Ukraine,,,,,133358,133358.00000,,,,,"Includes Specialist medical practitioners. Data source: WHO/Europe, Hlth-Res-DB, November 2019"
HWF_0004,Specialist medical practitioners (number),https://www.who.int/data/gho/indicator-metadata-registry/imr-details/5317,PUBLISHED,Published,,2002,2002,,EUR,Europe,,UKR,2002,2002,Ukraine,,,,,131489,131489.00000,,,,,"Includes Specialist medical practitioners. Data source: WHO/Europe, Hlth-Res-DB, November 2019"
HWF_0004,Specialist medical practitioners (number),https://www.who.int/data/gho/indicator-metadata-registry/imr-details/5317,PUBLISHED,Published,,2003,2003,,EUR,Europe,,UKR,2003,2003,Ukraine,,,,,129453,129453.00000,,,,,"Includes Specialist medical practitioners. Data source: WHO/Europe, Hlth-Res-DB, November 2019"
HWF_0004,Specialist medical practitioners (number),https://www.who.int/data/gho/indicator-metadata-registry/imr-details/5317,PUBLISHED,Published,,2004,2004,,EUR,Europe,,UKR,2004,2004,Ukraine,,,,,128159,128159.00000,,,,,"Includes Specialist medical practitioners. Data source: WHO/Europe, Hlth-Res-DB, November 2019"
HWF_0004,Specialist medical practitioners (number),https://www.who.int/data/gho/indicator-metadata-registry/imr-details/5317,PUBLISHED,Published,,2005,2005,,EUR,Europe,,UKR,2005,2005,Ukraine,,,,,126609,126609.00000,,,,,"Includes Specialist medical practitioners. Data source: WHO/Europe, Hlth-Res-DB, November 2019"
HWF_0004,Specialist medical practitioners (number),https://www.who.int/data/gho/indicator-metadata-registry/imr-details/5317,PUBLISHED,Published,,2006,2006,,EUR,Europe,,UKR,2006,2006,Ukraine,,,,,128811,128811.00000,,,,,"Includes Specialist medical practitioners. Data source: WHO/Europe, Hlth-Res-DB, November 2019"
HWF_0004,Specialist medical practitioners (number),https://www.who.int/data/gho/indicator-metadata-registry/imr-details/5317,PUBLISHED,Published,,2007,2007,,EUR,Europe,,UKR,2007,2007,Ukraine,,,,,127832,127832.00000,,,,,"Includes Specialist medical practitioners. Data source: WHO/Europe, Hlth-Res-DB, November 2019"
HWF_0004,Specialist medical practitioners (number),https://www.who.int/data/gho/indicator-metadata-registry/imr-details/5317,PUBLISHED,Published,,2008,2008,,EUR,Europe,,UKR,2008,2008,Ukraine,,,,,128174,128174.00000,,,,,"Includes Specialist medical practitioners. Data source: WHO/Europe, Hlth-Res-DB, November 2019"
HWF_0004,Specialist medical practitioners (number),https://www.who.int/data/gho/indicator-metadata-registry/imr-details/5317,PUBLISHED,Published,,2009,2009,,EUR,Europe,,UKR,2009,2009,Ukraine,,,,,143956,143956.00000,,,,,"Includes Specialist medical practitioners. Data source: WHO/Europe, Hlth-Res-DB, November 2019"
HWF_0004,Specialist medical practitioners (number),https://www.who.int/data/gho/indicator-metadata-registry/imr-details/5317,PUBLISHED,Published,,2010,2010,,EUR,Europe,,UKR,2010,2010,Ukraine,,,,,143405,143405.00000,,,,,"Includes Specialist medical practitioners. Data source: WHO/Europe, Hlth-Res-DB, November 2019"
HWF_0004,Specialist medical practitioners (number),https://www.who.int/data/gho/indicator-metadata-registry/imr-details/5317,PUBLISHED,Published,,2011,2011,,EUR,Europe,,UKR,2011,2011,Ukraine,,,,,143093,143093.00000,,,,,"Includes Specialist medical practitioners. Data source: WHO/Europe, Hlth-Res-DB, November 2019"
HWF_0004,Specialist medical practitioners (number),https://www.who.int/data/gho/indicator-metadata-registry/imr-details/5317,PUBLISHED,Published,,2012,2012,,EUR,Europe,,UKR,2012,2012,Ukraine,,,,,141846,141846.00000,,,,,"Includes Specialist medical practitioners. Data source: WHO/Europe, Hlth-Res-DB, November 2019"
HWF_0004,Specialist medical practitioners (number),https://www.who.int/data/gho/indicator-metadata-registry/imr-details/5317,PUBLISHED,Published,,2013,2013,,EUR,Europe,,UKR,2013,2013,Ukraine,,,,,140633,140633.00000,,,,,"Includes Specialist medical practitioners. Data source: WHO/Europe, Hlth-Res-DB, November 2019"
HWF_0004,Specialist medical practitioners (number),https://www.who.int/data/gho/indicator-metadata-registry/imr-details/5317,PUBLISHED,Published,,2014,2014,,EUR,Europe,,UKR,2014,2014,Ukraine,,,,,118737,118737.00000,,,,,"Includes Specialist medical practitioners. Data source: WHO/Europe, Hlth-Res-DB, November 2019"
HWF_0008,Nursing personnel (number),https://www.who.int/data/gho/indicator-metadata-registry/imr-details/5321,PUBLISHED,Published,,2000,2000,,EUR,Europe,,UKR,2000,2000,Ukraine,,,,,300682,300682.00000,,,,,
HWF_0008,Nursing personnel (number),https://www.who.int/data/gho/indicator-metadata-registry/imr-details/5321,PUBLISHED,Published,,2001,2001,,EUR,Europe,,UKR,2001,2001,Ukraine,,,,,297192,297192.00000,,,,,
HWF_0008,Nursing personnel (number),https://www.who.int/data/gho/indicator-metadata-registry/imr-details/5321,PUBLISHED,Published,,2002,2002,,EUR,Europe,,UKR,2002,2002,Ukraine,,,,,294327,294327.00000,,,,,
HWF_0008,Nursing personnel (number),https://www.who.int/data/gho/indicator-metadata-registry/imr-details/5321,PUBLISHED,Published,,2003,2003,,EUR,Europe,,UKR,2003,2003,Ukraine,,,,,292815,292815.00000,,,,,
HWF_0008,Nursing personnel (number),https://www.who.int/data/gho/indicator-metadata-registry/imr-details/5321,PUBLISHED,Published,,2004,2004,,EUR,Europe,,UKR,2004,2004,Ukraine,,,,,291535,291535.00000,,,,,
HWF_0008,Nursing personnel (number),https://www.who.int/data/gho/indicator-metadata-registry/imr-details/5321,PUBLISHED,Published,,2005,2005,,EUR,Europe,,UKR,2005,2005,Ukraine,,,,,291333,291333.00000,,,,,
HWF_0008,Nursing personnel (number),https://www.who.int/data/gho/indicator-metadata-registry/imr-details/5321,PUBLISHED,Published,,2006,2006,,EUR,Europe,,UKR,2006,2006,Ukraine,,,,,290072,290072.00000,,,,,
HWF_0008,Nursing personnel (number),https://www.who.int/data/gho/indicator-metadata-registry/imr-details/5321,PUBLISHED,Published,,2007,2007,,EUR,Europe,,UKR,2007,2007,Ukraine,,,,,288467,288467.00000,,,,,
HWF_0008,Nursing personnel (number),https://www.who.int/data/gho/indicator-metadata-registry/imr-details/5321,PUBLISHED,Published,,2008,2008,,EUR,Europe,,UKR,2008,2008,Ukraine,,,,,285282,285282.00000,,,,,
HWF_0008,Nursing personnel (number),https://www.who.int/data/gho/indicator-metadata-registry/imr-details/5321,PUBLISHED,Published,,2009,2009,,EUR,Europe,,UKR,2009,2009,Ukraine,,,,,326698,326698.00000,,,,,
HWF_0008,Nursing personnel (number),https://www.who.int/data/gho/indicator-metadata-registry/imr-details/5321,PUBLISHED,Published,,2010,2010,,EUR,Europe,,UKR,2010,2010,Ukraine,,,,,322076,322076.00000,,,,,
HWF_0008,Nursing personnel (number),https://www.who.int/data/gho/indicator-metadata-registry/imr-details/5321,PUBLISHED,Published,,2011,2011,,EUR,Europe,,UKR,2011,2011,Ukraine,,,,,321073,321073.00000,,,,,
HWF_0008,Nursing personnel (number),https://www.who.int/data/gho/indicator-metadata-registry/imr-details/5321,PUBLISHED,Published,,2012,2012,,EUR,Europe,,UKR,2012,2012,Ukraine,,,,,321754,321754.00000,,,,,
HWF_0008,Nursing personnel (number),https://www.who.int/data/gho/indicator-metadata-registry/imr-details/5321,PUBLISHED,Published,,2013,2013,,EUR,Europe,,UKR,2013,2013,Ukraine,,,,,324570,324570.00000,,,,,
HWF_0008,Nursing personnel (number),https://www.who.int/data/gho/indicator-metadata-registry/imr-details/5321,PUBLISHED,Published,,2014,2014,,EUR,Europe,,UKR,2014,2014,Ukraine,,,,,284207,284207.00000,,,,,
HWF_0009,Midwifery personnel (number),https://www.who.int/data/gho/indicator-metadata-registry/imr-details/5322,PUBLISHED,Published,,2000,2000,,EUR,Europe,,UKR,2000,2000,Ukraine,,,,,21422,21422.00000,,,,,
HWF_0009,Midwifery personnel (number),https://www.who.int/data/gho/indicator-metadata-registry/imr-details/5322,PUBLISHED,Published,,2001,2001,,EUR,Europe,,UKR,2001,2001,Ukraine,,,,,20959,20959.00000,,,,,
HWF_0009,Midwifery personnel (number),https://www.who.int/data/gho/indicator-metadata-registry/imr-details/5322,PUBLISHED,Published,,2002,2002,,EUR,Europe,,UKR,2002,2002,Ukraine,,,,,20393,20393.00000,,,,,
HWF_0009,Midwifery personnel (number),https://www.who.int/data/gho/indicator-metadata-registry/imr-details/5322,PUBLISHED,Published,,2003,2003,,EUR,Europe,,UKR,2003,2003,Ukraine,,,,,20272,20272.00000,,,,,
HWF_0009,Midwifery personnel (number),https://www.who.int/data/gho/indicator-metadata-registry/imr-details/5322,PUBLISHED,Published,,2004,2004,,EUR,Europe,,UKR,2004,2004,Ukraine,,,,,20127,20127.00000,,,,,
HWF_0009,Midwifery personnel (number),https://www.who.int/data/gho/indicator-metadata-registry/imr-details/5322,PUBLISHED,Published,,2005,2005,,EUR,Europe,,UKR,2005,2005,Ukraine,,,,,20057,20057.00000,,,,,
HWF_0009,Midwifery personnel (number),https://www.who.int/data/gho/indicator-metadata-registry/imr-details/5322,PUBLISHED,Published,,2006,2006,,EUR,Europe,,UKR,2006,2006,Ukraine,,,,,19879,19879.00000,,,,,
HWF_0009,Midwifery personnel (number),https://www.who.int/data/gho/indicator-metadata-registry/imr-details/5322,PUBLISHED,Published,,2007,2007,,EUR,Europe,,UKR,2007,2007,Ukraine,,,,,19720,19720.00000,,,,,
HWF_0009,Midwifery personnel (number),https://www.who.int/data/gho/indicator-metadata-registry/imr-details/5322,PUBLISHED,Published,,2008,2008,,EUR,Europe,,UKR,2008,2008,Ukraine,,,,,19739,19739.00000,,,,,
HWF_0009,Midwifery personnel (number),https://www.who.int/data/gho/indicator-metadata-registry/imr-details/5322,PUBLISHED,Published,,2009,2009,,EUR,Europe,,UKR,2009,2009,Ukraine,,,,,20107,20107.00000,,,,,
HWF_0009,Midwifery personnel (number),https://www.who.int/data/gho/indicator-metadata-registry/imr-details/5322,PUBLISHED,Published,,2010,2010,,EUR,Europe,,UKR,2010,2010,Ukraine,,,,,20080,20080.00000,,,,,
HWF_0009,Midwifery personnel (number),https://www.who.int/data/gho/indicator-metadata-registry/imr-details/5322,PUBLISHED,Published,,2011,2011,,EUR,Europe,,UKR,2011,2011,Ukraine,,,,,19759,19759.00000,,,,,
HWF_0009,Midwifery personnel (number),https://www.who.int/data/gho/indicator-metadata-registry/imr-details/5322,PUBLISHED,Published,,2012,2012,,EUR,Europe,,UKR,2012,2012,Ukraine,,,,,19750,19750.00000,,,,,
HWF_0009,Midwifery personnel (number),https://www.who.int/data/gho/indicator-metadata-registry/imr-details/5322,PUBLISHED,Published,,2013,2013,,EUR,Europe,,UKR,2013,2013,Ukraine,,,,,18263,18263.00000,,,,,
HWF_0009,Midwifery personnel (number),https://www.who.int/data/gho/indicator-metadata-registry/imr-details/5322,PUBLISHED,Published,,2014,2014,,EUR,Europe,,UKR,2014,2014,Ukraine,,,,,16282,16282.00000,,,,,
HWF_0021,Physiotherapists (number),https://www.who.int/data/gho/indicator-metadata-registry/imr-details/5334,PUBLISHED,Published,,2000,2000,,EUR,Europe,,UKR,2000,2000,Ukraine,,,,,1639,1639.00000,,,,,"Includes Practising physiotherapists. Data source: WHO/Europe, Hlth-Res-DB, November 2019"
HWF_0021,Physiotherapists (number),https://www.who.int/data/gho/indicator-metadata-registry/imr-details/5334,PUBLISHED,Published,,2001,2001,,EUR,Europe,,UKR,2001,2001,Ukraine,,,,,1601,1601.00000,,,,,"Includes Practising physiotherapists. Data source: WHO/Europe, Hlth-Res-DB, November 2019"
HWF_0021,Physiotherapists (number),https://www.who.int/data/gho/indicator-metadata-registry/imr-details/5334,PUBLISHED,Published,,2002,2002,,EUR,Europe,,UKR,2002,2002,Ukraine,,,,,1556,1556.00000,,,,,"Includes Practising physiotherapists. Data source: WHO/Europe, Hlth-Res-DB, November 2019"
HWF_0021,Physiotherapists (number),https://www.who.int/data/gho/indicator-metadata-registry/imr-details/5334,PUBLISHED,Published,,2003,2003,,EUR,Europe,,UKR,2003,2003,Ukraine,,,,,1534,1534.00000,,,,,"Includes Practising physiotherapists. Data source: WHO/Europe, Hlth-Res-DB, November 2019"
HWF_0021,Physiotherapists (number),https://www.who.int/data/gho/indicator-metadata-registry/imr-details/5334,PUBLISHED,Published,,2004,2004,,EUR,Europe,,UKR,2004,2004,Ukraine,,,,,1560,1560.00000,,,,,"Includes Practising physiotherapists. Data source: WHO/Europe, Hlth-Res-DB, November 2019"
HWF_0021,Physiotherapists (number),https://www.who.int/data/gho/indicator-metadata-registry/imr-details/5334,PUBLISHED,Published,,2005,2005,,EUR,Europe,,UKR,2005,2005,Ukraine,,,,,1505,1505.00000,,,,,"Includes Practising physiotherapists. Data source: WHO/Europe, Hlth-Res-DB, November 2019"
HWF_0021,Physiotherapists (number),https://www.who.int/data/gho/indicator-metadata-registry/imr-details/5334,PUBLISHED,Published,,2006,2006,,EUR,Europe,,UKR,2006,2006,Ukraine,,,,,1486,1486.00000,,,,,"Includes Practising physiotherapists. Data source: WHO/Europe, Hlth-Res-DB, November 2019"
HWF_0021,Physiotherapists (number),https://www.who.int/data/gho/indicator-metadata-registry/imr-details/5334,PUBLISHED,Published,,2007,2007,,EUR,Europe,,UKR,2007,2007,Ukraine,,,,,1457,1457.00000,,,,,"Includes Practising physiotherapists. Data source: WHO/Europe, Hlth-Res-DB, November 2019"
HWF_0021,Physiotherapists (number),https://www.who.int/data/gho/indicator-metadata-registry/imr-details/5334,PUBLISHED,Published,,2008,2008,,EUR,Europe,,UKR,2008,2008,Ukraine,,,,,1435,1435.00000,,,,,"Includes Practising physiotherapists. Data source: WHO/Europe, Hlth-Res-DB, November 2019"
HWF_0021,Physiotherapists (number),https://www.who.int/data/gho/indicator-metadata-registry/imr-details/5334,PUBLISHED,Published,,2009,2009,,EUR,Europe,,UKR,2009,2009,Ukraine,,,,,18330,18330.00000,,,,,"Includes Practising physiotherapists. Data source: WHO/Europe, Hlth-Res-DB, November 2019"
HWF_0021,Physiotherapists (number),https://www.who.int/data/gho/indicator-metadata-registry/imr-details/5334,PUBLISHED,Published,,2010,2010,,EUR,Europe,,UKR,2010,2010,Ukraine,,,,,19065,19065.00000,,,,,"Includes Practising physiotherapists. Data source: WHO/Europe, Hlth-Res-DB, November 2019"
HWF_0021,Physiotherapists (number),https://www.who.int/data/gho/indicator-metadata-registry/imr-details/5334,PUBLISHED,Published,,2011,2011,,EUR,Europe,,UKR,2011,2011,Ukraine,,,,,18770,18770.00000,,,,,"Includes Practising physiotherapists. Data source: WHO/Europe, Hlth-Res-DB, November 2019"
HWF_0021,Physiotherapists (number),https://www.who.int/data/gho/indicator-metadata-registry/imr-details/5334,PUBLISHED,Published,,2012,2012,,EUR,Europe,,UKR,2012,2012,Ukraine,,,,,18308,18308.00000,,,,,"Includes Practising physiotherapists. Data source: WHO/Europe, Hlth-Res-DB, November 2019"
HWF_0021,Physiotherapists (number),https://www.who.int/data/gho/indicator-metadata-registry/imr-details/5334,PUBLISHED,Published,,2013,2013,,EUR,Europe,,UKR,2013,2013,Ukraine,,,,,17726,17726.00000,,,,,"Includes Practising physiotherapists. Data source: WHO/Europe, Hlth-Res-DB, November 2019"
HWF_0021,Physiotherapists (number),https://www.who.int/data/gho/indicator-metadata-registry/imr-details/5334,PUBLISHED,Published,,2014,2014,,EUR,Europe,,UKR,2014,2014,Ukraine,,,,,14692,14692.00000,,,,,"Includes Practising physiotherapists. Data source: WHO/Europe, Hlth-Res-DB, November 2019"
HWF_0025,Medical doctors (%),https://www.who.int/data/gho/indicator-metadata-registry/imr-details/5553,PUBLISHED,Published,,2000,2000,,EUR,Europe,,UKR,2000,2000,Ukraine,,FMLE,Female,,61.05,61.05000,,,,,
HWF_0025,Medical doctors (%),https://www.who.int/data/gho/indicator-metadata-registry/imr-details/5553,PUBLISHED,Published,,2000,2000,,EUR,Europe,,UKR,2000,2000,Ukraine,,MLE,Male,,38.95,38.95000,,,,,
HWF_0025,Medical doctors (%),https://www.who.int/data/gho/indicator-metadata-registry/imr-details/5553,PUBLISHED,Published,,2001,2001,,EUR,Europe,,UKR,2001,2001,Ukraine,,MLE,Male,,39.22,39.22000,,,,,
HWF_0025,Medical doctors (%),https://www.who.int/data/gho/indicator-metadata-registry/imr-details/5553,PUBLISHED,Published,,2001,2001,,EUR,Europe,,UKR,2001,2001,Ukraine,,FMLE,Female,,60.78,60.78000,,,,,
HWF_0025,Medical doctors (%),https://www.who.int/data/gho/indicator-metadata-registry/imr-details/5553,PUBLISHED,Published,,2002,2002,,EUR,Europe,,UKR,2002,2002,Ukraine,,FMLE,Female,,60.8,60.80000,,,,,
HWF_0025,Medical doctors (%),https://www.who.int/data/gho/indicator-metadata-registry/imr-details/5553,PUBLISHED,Published,,2002,2002,,EUR,Europe,,UKR,2002,2002,Ukraine,,MLE,Male,,39.2,39.20000,,,,,
HWF_0025,Medical doctors (%),https://www.who.int/data/gho/indicator-metadata-registry/imr-details/5553,PUBLISHED,Published,,2003,2003,,EUR,Europe,,UKR,2003,2003,Ukraine,,MLE,Male,,38.87,38.87000,,,,,
HWF_0025,Medical doctors (%),https://www.who.int/data/gho/indicator-metadata-registry/imr-details/5553,PUBLISHED,Published,,2003,2003,,EUR,Europe,,UKR,2003,2003,Ukraine,,FMLE,Female,,61.14,61.14000,,,,,
HWF_0025,Medical doctors (%),https://www.who.int/data/gho/indicator-metadata-registry/imr-details/5553,PUBLISHED,Published,,2004,2004,,EUR,Europe,,UKR,2004,2004,Ukraine,,FMLE,Female,,60.94,60.94000,,,,,
HWF_0025,Medical doctors (%),https://www.who.int/data/gho/indicator-metadata-registry/imr-details/5553,PUBLISHED,Published,,2004,2004,,EUR,Europe,,UKR,2004,2004,Ukraine,,MLE,Male,,39.06,39.06000,,,,,
HWF_0025,Medical doctors (%),https://www.who.int/data/gho/indicator-metadata-registry/imr-details/5553,PUBLISHED,Published,,2005,2005,,EUR,Europe,,UKR,2005,2005,Ukraine,,MLE,Male,,39.02,39.02000,,,,,
HWF_0025,Medical doctors (%),https://www.who.int/data/gho/indicator-metadata-registry/imr-details/5553,PUBLISHED,Published,,2005,2005,,EUR,Europe,,UKR,2005,2005,Ukraine,,FMLE,Female,,60.99,60.99000,,,,,
HWF_0025,Medical doctors (%),https://www.who.int/data/gho/indicator-metadata-registry/imr-details/5553,PUBLISHED,Published,,2006,2006,,EUR,Europe,,UKR,2006,2006,Ukraine,,FMLE,Female,,61.07,61.07000,,,,,
HWF_0025,Medical doctors (%),https://www.who.int/data/gho/indicator-metadata-registry/imr-details/5553,PUBLISHED,Published,,2006,2006,,EUR,Europe,,UKR,2006,2006,Ukraine,,MLE,Male,,38.93,38.93000,,,,,
HWF_0025,Medical doctors (%),https://www.who.int/data/gho/indicator-metadata-registry/imr-details/5553,PUBLISHED,Published,,2007,2007,,EUR,Europe,,UKR,2007,2007,Ukraine,,MLE,Male,,38.87,38.87000,,,,,
HWF_0025,Medical doctors (%),https://www.who.int/data/gho/indicator-metadata-registry/imr-details/5553,PUBLISHED,Published,,2007,2007,,EUR,Europe,,UKR,2007,2007,Ukraine,,FMLE,Female,,61.13,61.13000,,,,,
HWF_0025,Medical doctors (%),https://www.who.int/data/gho/indicator-metadata-registry/imr-details/5553,PUBLISHED,Published,,2008,2008,,EUR,Europe,,UKR,2008,2008,Ukraine,,FMLE,Female,,60.62,60.62000,,,,,
HWF_0025,Medical doctors (%),https://www.who.int/data/gho/indicator-metadata-registry/imr-details/5553,PUBLISHED,Published,,2008,2008,,EUR,Europe,,UKR,2008,2008,Ukraine,,MLE,Male,,39.38,39.38000,,,,,
HWF_0025,Medical doctors (%),https://www.who.int/data/gho/indicator-metadata-registry/imr-details/5553,PUBLISHED,Published,,2009,2009,,EUR,Europe,,UKR,2009,2009,Ukraine,,MLE,Male,,39.6,39.60000,,,,,
HWF_0025,Medical doctors (%),https://www.who.int/data/gho/indicator-metadata-registry/imr-details/5553,PUBLISHED,Published,,2009,2009,,EUR,Europe,,UKR,2009,2009,Ukraine,,FMLE,Female,,60.4,60.40000,,,,,
HWF_0025,Medical doctors (%),https://www.who.int/data/gho/indicator-metadata-registry/imr-details/5553,PUBLISHED,Published,,2010,2010,,EUR,Europe,,UKR,2010,2010,Ukraine,,FMLE,Female,,60.61,60.61000,,,,,
HWF_0025,Medical doctors (%),https://www.who.int/data/gho/indicator-metadata-registry/imr-details/5553,PUBLISHED,Published,,2010,2010,,EUR,Europe,,UKR,2010,2010,Ukraine,,MLE,Male,,39.39,39.39000,,,,,
HWF_0025,Medical doctors (%),https://www.who.int/data/gho/indicator-metadata-registry/imr-details/5553,PUBLISHED,Published,,2011,2011,,EUR,Europe,,UKR,2011,2011,Ukraine,,MLE,Male,,39.21,39.21000,,,,,
HWF_0025,Medical doctors (%),https://www.who.int/data/gho/indicator-metadata-registry/imr-details/5553,PUBLISHED,Published,,2011,2011,,EUR,Europe,,UKR,2011,2011,Ukraine,,FMLE,Female,,60.79,60.79000,,,,,
HWF_0025,Medical doctors (%),https://www.who.int/data/gho/indicator-metadata-registry/imr-details/5553,PUBLISHED,Published,,2012,2012,,EUR,Europe,,UKR,2012,2012,Ukraine,,FMLE,Female,,60.86,60.86000,,,,,
HWF_0025,Medical doctors (%),https://www.who.int/data/gho/indicator-metadata-registry/imr-details/5553,PUBLISHED,Published,,2012,2012,,EUR,Europe,,UKR,2012,2012,Ukraine,,MLE,Male,,39.15,39.15000,,,,,
HWF_0025,Medical doctors (%),https://www.who.int/data/gho/indicator-metadata-registry/imr-details/5553,PUBLISHED,Published,,2013,2013,,EUR,Europe,,UKR,2013,2013,Ukraine,,MLE,Male,,38.71,38.71000,,,,,
HWF_0025,Medical doctors (%),https://www.who.int/data/gho/indicator-metadata-registry/imr-details/5553,PUBLISHED,Published,,2013,2013,,EUR,Europe,,UKR,2013,2013,Ukraine,,FMLE,Female,,61.29,61.29000,,,,,
HWF_0025,Medical doctors (%),https://www.who.int/data/gho/indicator-metadata-registry/imr-details/5553,PUBLISHED,Published,,2014,2014,,EUR,Europe,,UKR,2014,2014,Ukraine,,FMLE,Female,,61.08,61.08000,,,,,
HWF_0025,Medical doctors (%),https://www.who.int/data/gho/indicator-metadata-registry/imr-details/5553,PUBLISHED,Published,,2014,2014,,EUR,Europe,,UKR,2014,2014,Ukraine,,MLE,Male,,38.93,38.93000,,,,,
HWF_0002,Medical doctors (number),https://www.who.int/data/gho/indicator-metadata-registry/imr-details/5315,PUBLISHED,Published,,2000,2000,,,,,UKR,2000,2000,Ukraine,,,,,147957,147957.00000,,,,,
HWF_0002,Medical doctors (number),https://www.who.int/data/gho/indicator-metadata-registry/imr-details/5315,PUBLISHED,Published,,2001,2001,,,,,UKR,2001,2001,Ukraine,,,,,146557,146557.00000,,,,,
HWF_0002,Medical doctors (number),https://www.who.int/data/gho/indicator-metadata-registry/imr-details/5315,PUBLISHED,Published,,2002,2002,,,,,UKR,2002,2002,Ukraine,,,,,144843,144843.00000,,,,,
HWF_0002,Medical doctors (number),https://www.who.int/data/gho/indicator-metadata-registry/imr-details/5315,PUBLISHED,Published,,2003,2003,,,,,UKR,2003,2003,Ukraine,,,,,143202,143202.00000,,,,,
HWF_0002,Medical doctors (number),https://www.who.int/data/gho/indicator-metadata-registry/imr-details/5315,PUBLISHED,Published,,2004,2004,,,,,UKR,2004,2004,Ukraine,,,,,142415,142415.00000,,,,,
HWF_0002,Medical doctors (number),https://www.who.int/data/gho/indicator-metadata-registry/imr-details/5315,PUBLISHED,Published,,2005,2005,,,,,UKR,2005,2005,Ukraine,,,,,141521,141521.00000,,,,,
HWF_0002,Medical doctors (number),https://www.who.int/data/gho/indicator-metadata-registry/imr-details/5315,PUBLISHED,Published,,2006,2006,,,,,UKR,2006,2006,Ukraine,,,,,143728,143728.00000,,,,,
HWF_0002,Medical doctors (number),https://www.who.int/data/gho/indicator-metadata-registry/imr-details/5315,PUBLISHED,Published,,2007,2007,,,,,UKR,2007,2007,Ukraine,,,,,143200,143200.00000,,,,,
HWF_0002,Medical doctors (number),https://www.who.int/data/gho/indicator-metadata-registry/imr-details/5315,PUBLISHED,Published,,2008,2008,,,,,UKR,2008,2008,Ukraine,,,,,143909,143909.00000,,,,,
HWF_0002,Medical doctors (number),https://www.who.int/data/gho/indicator-metadata-registry/imr-details/5315,PUBLISHED,Published,,2009,2009,,,,,UKR,2009,2009,Ukraine,,,,,160459,160459.00000,,,,,
HWF_0002,Medical doctors (number),https://www.who.int/data/gho/indicator-metadata-registry/imr-details/5315,PUBLISHED,Published,,2012,2012,,,,,UKR,2012,2012,Ukraine,,,,,158681,158681.00000,,,,,
HWF_0002,Medical doctors (number),https://www.who.int/data/gho/indicator-metadata-registry/imr-details/5315,PUBLISHED,Published,,2011,2011,,,,,UKR,2011,2011,Ukraine,,,,,158949,158949.00000,,,,,
HWF_0002,Medical doctors (number),https://www.who.int/data/gho/indicator-metadata-registry/imr-details/5315,PUBLISHED,Published,,2010,2010,,,,,UKR,2010,2010,Ukraine,,,,,159495,159495.00000,,,,,
HWF_0002,Medical doctors (number),https://www.who.int/data/gho/indicator-metadata-registry/imr-details/5315,PUBLISHED,Published,,2013,2013,,,,,UKR,2013,2013,Ukraine,,,,,158344,158344.00000,,,,,
HWF_0002,Medical doctors (number),https://www.who.int/data/gho/indicator-metadata-registry/imr-details/5315,PUBLISHED,Published,,2014,2014,,,,,UKR,2014,2014,Ukraine,,,,,134986,134986.00000,,,,,
HWF_0001,Medical doctors (per 10 000 population),https://www.who.int/data/gho/indicator-metadata-registry/imr-details/5314,PUBLISHED,Published,,2000,2000,,,,,UKR,2000,2000,Ukraine,,,,,30.295,30.29500,,,,,
HWF_0001,Medical doctors (per 10 000 population),https://www.who.int/data/gho/indicator-metadata-registry/imr-details/5314,PUBLISHED,Published,,2001,2001,,,,,UKR,2001,2001,Ukraine,,,,,30.279,30.27900,,,,,
HWF_0001,Medical doctors (per 10 000 population),https://www.who.int/data/gho/indicator-metadata-registry/imr-details/5314,PUBLISHED,Published,,2002,2002,,,,,UKR,2002,2002,Ukraine,,,,,30.188,30.18800,,,,,
HWF_0001,Medical doctors (per 10 000 population),https://www.who.int/data/gho/indicator-metadata-registry/imr-details/5314,PUBLISHED,Published,,2003,2003,,,,,UKR,2003,2003,Ukraine,,,,,30.096,30.09600,,,,,
HWF_0001,Medical doctors (per 10 000 population),https://www.who.int/data/gho/indicator-metadata-registry/imr-details/5314,PUBLISHED,Published,,2004,2004,,,,,UKR,2004,2004,Ukraine,,,,,30.161,30.16100,,,,,
HWF_0001,Medical doctors (per 10 000 population),https://www.who.int/data/gho/indicator-metadata-registry/imr-details/5314,PUBLISHED,Published,,2005,2005,,,,,UKR,2005,2005,Ukraine,,,,,30.181,30.18100,,,,,
HWF_0001,Medical doctors (per 10 000 population),https://www.who.int/data/gho/indicator-metadata-registry/imr-details/5314,PUBLISHED,Published,,2006,2006,,,,,UKR,2006,2006,Ukraine,,,,,30.838,30.83800,,,,,
HWF_0001,Medical doctors (per 10 000 population),https://www.who.int/data/gho/indicator-metadata-registry/imr-details/5314,PUBLISHED,Published,,2007,2007,,,,,UKR,2007,2007,Ukraine,,,,,30.885,30.88500,,,,,
HWF_0001,Medical doctors (per 10 000 population),https://www.who.int/data/gho/indicator-metadata-registry/imr-details/5314,PUBLISHED,Published,,2008,2008,,,,,UKR,2008,2008,Ukraine,,,,,31.177,31.17700,,,,,
HWF_0001,Medical doctors (per 10 000 population),https://www.who.int/data/gho/indicator-metadata-registry/imr-details/5314,PUBLISHED,Published,,2009,2009,,,,,UKR,2009,2009,Ukraine,,,,,34.904,34.90400,,,,,
HWF_0001,Medical doctors (per 10 000 population),https://www.who.int/data/gho/indicator-metadata-registry/imr-details/5314,PUBLISHED,Published,,2012,2012,,,,,UKR,2012,2012,Ukraine,,,,,34.91,34.91000,,,,,
HWF_0001,Medical doctors (per 10 000 population),https://www.who.int/data/gho/indicator-metadata-registry/imr-details/5314,PUBLISHED,Published,,2011,2011,,,,,UKR,2011,2011,Ukraine,,,,,34.842,34.84200,,,,,
HWF_0001,Medical doctors (per 10 000 population),https://www.who.int/data/gho/indicator-metadata-registry/imr-details/5314,PUBLISHED,Published,,2010,2010,,,,,UKR,2010,2010,Ukraine,,,,,34.83,34.83000,,,,,
HWF_0001,Medical doctors (per 10 000 population),https://www.who.int/data/gho/indicator-metadata-registry/imr-details/5314,PUBLISHED,Published,,2013,2013,,,,,UKR,2013,2013,Ukraine,,,,,34.965,34.96500,,,,,
HWF_0001,Medical doctors (per 10 000 population),https://www.who.int/data/gho/indicator-metadata-registry/imr-details/5314,PUBLISHED,Published,,2014,2014,,,,,UKR,2014,2014,Ukraine,,,,,29.923,29.92300,,,,,
HWF_0007,Nursing and midwifery personnel  (number),https://www.who.int/data/gho/indicator-metadata-registry/imr-details/5320,PUBLISHED,Published,,2000,2000,,,,,UKR,2000,2000,Ukraine,,,,,322104,322104.00000,,,,,
HWF_0007,Nursing and midwifery personnel  (number),https://www.who.int/data/gho/indicator-metadata-registry/imr-details/5320,PUBLISHED,Published,,2001,2001,,,,,UKR,2001,2001,Ukraine,,,,,318151,318151.00000,,,,,
HWF_0007,Nursing and midwifery personnel  (number),https://www.who.int/data/gho/indicator-metadata-registry/imr-details/5320,PUBLISHED,Published,,2002,2002,,,,,UKR,2002,2002,Ukraine,,,,,314720,314720.00000,,,,,
HWF_0007,Nursing and midwifery personnel  (number),https://www.who.int/data/gho/indicator-metadata-registry/imr-details/5320,PUBLISHED,Published,,2003,2003,,,,,UKR,2003,2003,Ukraine,,,,,313087,313087.00000,,,,,
HWF_0007,Nursing and midwifery personnel  (number),https://www.who.int/data/gho/indicator-metadata-registry/imr-details/5320,PUBLISHED,Published,,2004,2004,,,,,UKR,2004,2004,Ukraine,,,,,311662,311662.00000,,,,,
HWF_0007,Nursing and midwifery personnel  (number),https://www.who.int/data/gho/indicator-metadata-registry/imr-details/5320,PUBLISHED,Published,,2005,2005,,,,,UKR,2005,2005,Ukraine,,,,,311390,311390.00000,,,,,
HWF_0007,Nursing and midwifery personnel  (number),https://www.who.int/data/gho/indicator-metadata-registry/imr-details/5320,PUBLISHED,Published,,2006,2006,,,,,UKR,2006,2006,Ukraine,,,,,309951,309951.00000,,,,,
HWF_0007,Nursing and midwifery personnel  (number),https://www.who.int/data/gho/indicator-metadata-registry/imr-details/5320,PUBLISHED,Published,,2007,2007,,,,,UKR,2007,2007,Ukraine,,,,,308187,308187.00000,,,,,
HWF_0007,Nursing and midwifery personnel  (number),https://www.who.int/data/gho/indicator-metadata-registry/imr-details/5320,PUBLISHED,Published,,2008,2008,,,,,UKR,2008,2008,Ukraine,,,,,305021,305021.00000,,,,,
HWF_0007,Nursing and midwifery personnel  (number),https://www.who.int/data/gho/indicator-metadata-registry/imr-details/5320,PUBLISHED,Published,,2009,2009,,,,,UKR,2009,2009,Ukraine,,,,,346805,346805.00000,,,,,
HWF_0007,Nursing and midwifery personnel  (number),https://www.who.int/data/gho/indicator-metadata-registry/imr-details/5320,PUBLISHED,Published,,2010,2010,,,,,UKR,2010,2010,Ukraine,,,,,342156,342156.00000,,,,,
HWF_0007,Nursing and midwifery personnel  (number),https://www.who.int/data/gho/indicator-metadata-registry/imr-details/5320,PUBLISHED,Published,,2011,2011,,,,,UKR,2011,2011,Ukraine,,,,,340832,340832.00000,,,,,
HWF_0007,Nursing and midwifery personnel  (number),https://www.who.int/data/gho/indicator-metadata-registry/imr-details/5320,PUBLISHED,Published,,2012,2012,,,,,UKR,2012,2012,Ukraine,,,,,341504,341504.00000,,,,,
HWF_0007,Nursing and midwifery personnel  (number),https://www.who.int/data/gho/indicator-metadata-registry/imr-details/5320,PUBLISHED,Published,,2013,2013,,,,,UKR,2013,2013,Ukraine,,,,,342833,342833.00000,,,,,
HWF_0007,Nursing and midwifery personnel  (number),https://www.who.int/data/gho/indicator-metadata-registry/imr-details/5320,PUBLISHED,Published,,2014,2014,,,,,UKR,2014,2014,Ukraine,,,,,300489,300489.00000,,,,,
HWF_0011,Dentists (number),https://www.who.int/data/gho/indicator-metadata-registry/imr-details/5324,PUBLISHED,Published,,2012,2012,,,,,UKR,2012,2012,Ukraine,,,,,30688,30688.00000,,,,,
HWF_0011,Dentists (number),https://www.who.int/data/gho/indicator-metadata-registry/imr-details/5324,PUBLISHED,Published,,2013,2013,,,,,UKR,2013,2013,Ukraine,,,,,30934,30934.00000,,,,,
HWF_0011,Dentists (number),https://www.who.int/data/gho/indicator-metadata-registry/imr-details/5324,PUBLISHED,Published,,2014,2014,,,,,UKR,2014,2014,Ukraine,,,,,26954,26954.00000,,,,,
HWF_0011,Dentists (number),https://www.who.int/data/gho/indicator-metadata-registry/imr-details/5324,PUBLISHED,Published,,2011,2011,,,,,UKR,2011,2011,Ukraine,,,,,30255,30255.00000,,,,,
HWF_0011,Dentists (number),https://www.who.int/data/gho/indicator-metadata-registry/imr-details/5324,PUBLISHED,Published,,2010,2010,,,,,UKR,2010,2010,Ukraine,,,,,30147,30147.00000,,,,,
HWF_0011,Dentists (number),https://www.who.int/data/gho/indicator-metadata-registry/imr-details/5324,PUBLISHED,Published,,2009,2009,,,,,UKR,2009,2009,Ukraine,,,,,29693,29693.00000,,,,,
HWF_0011,Dentists (number),https://www.who.int/data/gho/indicator-metadata-registry/imr-details/5324,PUBLISHED,Published,,2000,2000,,,,,UKR,2000,2000,Ukraine,,,,,22372,22372.00000,,,,,
HWF_0011,Dentists (number),https://www.who.int/data/gho/indicator-metadata-registry/imr-details/5324,PUBLISHED,Published,,2001,2001,,,,,UKR,2001,2001,Ukraine,,,,,21993,21993.00000,,,,,
HWF_0011,Dentists (number),https://www.who.int/data/gho/indicator-metadata-registry/imr-details/5324,PUBLISHED,Published,,2002,2002,,,,,UKR,2002,2002,Ukraine,,,,,21903,21903.00000,,,,,
HWF_0011,Dentists (number),https://www.who.int/data/gho/indicator-metadata-registry/imr-details/5324,PUBLISHED,Published,,2003,2003,,,,,UKR,2003,2003,Ukraine,,,,,21829,21829.00000,,,,,
HWF_0011,Dentists (number),https://www.who.int/data/gho/indicator-metadata-registry/imr-details/5324,PUBLISHED,Published,,2004,2004,,,,,UKR,2004,2004,Ukraine,,,,,21693,21693.00000,,,,,
HWF_0011,Dentists (number),https://www.who.int/data/gho/indicator-metadata-registry/imr-details/5324,PUBLISHED,Published,,2005,2005,,,,,UKR,2005,2005,Ukraine,,,,,21709,21709.00000,,,,,
HWF_0011,Dentists (number),https://www.who.int/data/gho/indicator-metadata-registry/imr-details/5324,PUBLISHED,Published,,2006,2006,,,,,UKR,2006,2006,Ukraine,,,,,21432,21432.00000,,,,,
HWF_0011,Dentists (number),https://www.who.int/data/gho/indicator-metadata-registry/imr-details/5324,PUBLISHED,Published,,2007,2007,,,,,UKR,2007,2007,Ukraine,,,,,21351,21351.00000,,,,,
HWF_0011,Dentists (number),https://www.who.int/data/gho/indicator-metadata-registry/imr-details/5324,PUBLISHED,Published,,2008,2008,,,,,UKR,2008,2008,Ukraine,,,,,21250,21250.00000,,,,,
HWF_0010,Dentists (per 10 000 population),https://www.who.int/data/gho/indicator-metadata-registry/imr-details/5323,PUBLISHED,Published,,2012,2012,,,,,UKR,2012,2012,Ukraine,,,,,6.751,6.75100,,,,,
HWF_0010,Dentists (per 10 000 population),https://www.who.int/data/gho/indicator-metadata-registry/imr-details/5323,PUBLISHED,Published,,2013,2013,,,,,UKR,2013,2013,Ukraine,,,,,6.831,6.83100,,,,,
HWF_0010,Dentists (per 10 000 population),https://www.who.int/data/gho/indicator-metadata-registry/imr-details/5323,PUBLISHED,Published,,2014,2014,,,,,UKR,2014,2014,Ukraine,,,,,5.975,5.97500,,,,,
HWF_0010,Dentists (per 10 000 population),https://www.who.int/data/gho/indicator-metadata-registry/imr-details/5323,PUBLISHED,Published,,2011,2011,,,,,UKR,2011,2011,Ukraine,,,,,6.632,6.63200,,,,,
HWF_0010,Dentists (per 10 000 population),https://www.who.int/data/gho/indicator-metadata-registry/imr-details/5323,PUBLISHED,Published,,2010,2010,,,,,UKR,2010,2010,Ukraine,,,,,6.583,6.58300,,,,,
HWF_0010,Dentists (per 10 000 population),https://www.who.int/data/gho/indicator-metadata-registry/imr-details/5323,PUBLISHED,Published,,2009,2009,,,,,UKR,2009,2009,Ukraine,,,,,6.459,6.45900,,,,,
HWF_0010,Dentists (per 10 000 population),https://www.who.int/data/gho/indicator-metadata-registry/imr-details/5323,PUBLISHED,Published,,2000,2000,,,,,UKR,2000,2000,Ukraine,,,,,4.581,4.58100,,,,,
HWF_0010,Dentists (per 10 000 population),https://www.who.int/data/gho/indicator-metadata-registry/imr-details/5323,PUBLISHED,Published,,2001,2001,,,,,UKR,2001,2001,Ukraine,,,,,4.544,4.54400,,,,,
HWF_0010,Dentists (per 10 000 population),https://www.who.int/data/gho/indicator-metadata-registry/imr-details/5323,PUBLISHED,Published,,2002,2002,,,,,UKR,2002,2002,Ukraine,,,,,4.565,4.56500,,,,,
HWF_0010,Dentists (per 10 000 population),https://www.who.int/data/gho/indicator-metadata-registry/imr-details/5323,PUBLISHED,Published,,2003,2003,,,,,UKR,2003,2003,Ukraine,,,,,4.588,4.58800,,,,,
HWF_0010,Dentists (per 10 000 population),https://www.who.int/data/gho/indicator-metadata-registry/imr-details/5323,PUBLISHED,Published,,2004,2004,,,,,UKR,2004,2004,Ukraine,,,,,4.594,4.59400,,,,,
HWF_0010,Dentists (per 10 000 population),https://www.who.int/data/gho/indicator-metadata-registry/imr-details/5323,PUBLISHED,Published,,2005,2005,,,,,UKR,2005,2005,Ukraine,,,,,4.63,4.63000,,,,,
HWF_0010,Dentists (per 10 000 population),https://www.who.int/data/gho/indicator-metadata-registry/imr-details/5323,PUBLISHED,Published,,2006,2006,,,,,UKR,2006,2006,Ukraine,,,,,4.598,4.59800,,,,,
HWF_0010,Dentists (per 10 000 population),https://www.who.int/data/gho/indicator-metadata-registry/imr-details/5323,PUBLISHED,Published,,2007,2007,,,,,UKR,2007,2007,Ukraine,,,,,4.605,4.60500,,,,,
HWF_0010,Dentists (per 10 000 population),https://www.who.int/data/gho/indicator-metadata-registry/imr-details/5323,PUBLISHED,Published,,2008,2008,,,,,UKR,2008,2008,Ukraine,,,,,4.604,4.60400,,,,,
HWF_0015,Pharmacists (number),https://www.who.int/data/gho/indicator-metadata-registry/imr-details/5328,PUBLISHED,Published,,2014,2014,,,,,UKR,2014,2014,Ukraine,,,,,1521,1521.00000,,,,,
HWF_0015,Pharmacists (number),https://www.who.int/data/gho/indicator-metadata-registry/imr-details/5328,PUBLISHED,Published,,2013,2013,,,,,UKR,2013,2013,Ukraine,,,,,1870,1870.00000,,,,,
HWF_0015,Pharmacists (number),https://www.who.int/data/gho/indicator-metadata-registry/imr-details/5328,PUBLISHED,Published,,2012,2012,,,,,UKR,2012,2012,Ukraine,,,,,1793,1793.00000,,,,,
HWF_0015,Pharmacists (number),https://www.who.int/data/gho/indicator-metadata-registry/imr-details/5328,PUBLISHED,Published,,2000,2000,,,,,UKR,2000,2000,Ukraine,,,,,1450,1450.00000,,,,,
HWF_0015,Pharmacists (number),https://www.who.int/data/gho/indicator-metadata-registry/imr-details/5328,PUBLISHED,Published,,2011,2011,,,,,UKR,2011,2011,Ukraine,,,,,1753,1753.00000,,,,,
HWF_0015,Pharmacists (number),https://www.who.int/data/gho/indicator-metadata-registry/imr-details/5328,PUBLISHED,Published,,2001,2001,,,,,UKR,2001,2001,Ukraine,,,,,1340,1340.00000,,,,,
HWF_0015,Pharmacists (number),https://www.who.int/data/gho/indicator-metadata-registry/imr-details/5328,PUBLISHED,Published,,2003,2003,,,,,UKR,2003,2003,Ukraine,,,,,1239,1239.00000,,,,,
HWF_0015,Pharmacists (number),https://www.who.int/data/gho/indicator-metadata-registry/imr-details/5328,PUBLISHED,Published,,2005,2005,,,,,UKR,2005,2005,Ukraine,,,,,1185,1185.00000,,,,,
HWF_0015,Pharmacists (number),https://www.who.int/data/gho/indicator-metadata-registry/imr-details/5328,PUBLISHED,Published,,2006,2006,,,,,UKR,2006,2006,Ukraine,,,,,1161,1161.00000,,,,,
HWF_0015,Pharmacists (number),https://www.who.int/data/gho/indicator-metadata-registry/imr-details/5328,PUBLISHED,Published,,2008,2008,,,,,UKR,2008,2008,Ukraine,,,,,1177,1177.00000,,,,,
HWF_0015,Pharmacists (number),https://www.who.int/data/gho/indicator-metadata-registry/imr-details/5328,PUBLISHED,Published,,2002,2002,,,,,UKR,2002,2002,Ukraine,,,,,1223,1223.00000,,,,,
HWF_0015,Pharmacists (number),https://www.who.int/data/gho/indicator-metadata-registry/imr-details/5328,PUBLISHED,Published,,2004,2004,,,,,UKR,2004,2004,Ukraine,,,,,1144,1144.00000,,,,,
HWF_0015,Pharmacists (number),https://www.who.int/data/gho/indicator-metadata-registry/imr-details/5328,PUBLISHED,Published,,2007,2007,,,,,UKR,2007,2007,Ukraine,,,,,1149,1149.00000,,,,,
HWF_0015,Pharmacists (number),https://www.who.int/data/gho/indicator-metadata-registry/imr-details/5328,PUBLISHED,Published,,2009,2009,,,,,UKR,2009,2009,Ukraine,,,,,1744,1744.00000,,,,,
HWF_0015,Pharmacists (number),https://www.who.int/data/gho/indicator-metadata-registry/imr-details/5328,PUBLISHED,Published,,2010,2010,,,,,UKR,2010,2010,Ukraine,,,,,1818,1818.00000,,,,,
HWF_0014,Pharmacists  (per 10 000 population),https://www.who.int/data/gho/indicator-metadata-registry/imr-details/5327,PUBLISHED,Published,,2014,2014,,,,,UKR,2014,2014,Ukraine,,,,,0.337,0.33700,,,,,
HWF_0014,Pharmacists  (per 10 000 population),https://www.who.int/data/gho/indicator-metadata-registry/imr-details/5327,PUBLISHED,Published,,2013,2013,,,,,UKR,2013,2013,Ukraine,,,,,0.413,0.41300,,,,,
HWF_0014,Pharmacists  (per 10 000 population),https://www.who.int/data/gho/indicator-metadata-registry/imr-details/5327,PUBLISHED,Published,,2012,2012,,,,,UKR,2012,2012,Ukraine,,,,,0.394,0.39400,,,,,
HWF_0014,Pharmacists  (per 10 000 population),https://www.who.int/data/gho/indicator-metadata-registry/imr-details/5327,PUBLISHED,Published,,2000,2000,,,,,UKR,2000,2000,Ukraine,,,,,0.297,0.29700,,,,,
HWF_0014,Pharmacists  (per 10 000 population),https://www.who.int/data/gho/indicator-metadata-registry/imr-details/5327,PUBLISHED,Published,,2011,2011,,,,,UKR,2011,2011,Ukraine,,,,,0.384,0.38400,,,,,
HWF_0014,Pharmacists  (per 10 000 population),https://www.who.int/data/gho/indicator-metadata-registry/imr-details/5327,PUBLISHED,Published,,2001,2001,,,,,UKR,2001,2001,Ukraine,,,,,0.277,0.27700,,,,,
HWF_0014,Pharmacists  (per 10 000 population),https://www.who.int/data/gho/indicator-metadata-registry/imr-details/5327,PUBLISHED,Published,,2003,2003,,,,,UKR,2003,2003,Ukraine,,,,,0.26,0.26000,,,,,
HWF_0014,Pharmacists  (per 10 000 population),https://www.who.int/data/gho/indicator-metadata-registry/imr-details/5327,PUBLISHED,Published,,2005,2005,,,,,UKR,2005,2005,Ukraine,,,,,0.253,0.25300,,,,,
HWF_0014,Pharmacists  (per 10 000 population),https://www.who.int/data/gho/indicator-metadata-registry/imr-details/5327,PUBLISHED,Published,,2006,2006,,,,,UKR,2006,2006,Ukraine,,,,,0.249,0.24900,,,,,
HWF_0014,Pharmacists  (per 10 000 population),https://www.who.int/data/gho/indicator-metadata-registry/imr-details/5327,PUBLISHED,Published,,2008,2008,,,,,UKR,2008,2008,Ukraine,,,,,0.255,0.25500,,,,,
HWF_0014,Pharmacists  (per 10 000 population),https://www.who.int/data/gho/indicator-metadata-registry/imr-details/5327,PUBLISHED,Published,,2002,2002,,,,,UKR,2002,2002,Ukraine,,,,,0.255,0.25500,,,,,
HWF_0014,Pharmacists  (per 10 000 population),https://www.who.int/data/gho/indicator-metadata-registry/imr-details/5327,PUBLISHED,Published,,2004,2004,,,,,UKR,2004,2004,Ukraine,,,,,0.242,0.24200,,,,,
HWF_0014,Pharmacists  (per 10 000 population),https://www.who.int/data/gho/indicator-metadata-registry/imr-details/5327,PUBLISHED,Published,,2007,2007,,,,,UKR,2007,2007,Ukraine,,,,,0.248,0.24800,,,,,
HWF_0014,Pharmacists  (per 10 000 population),https://www.who.int/data/gho/indicator-metadata-registry/imr-details/5327,PUBLISHED,Published,,2009,2009,,,,,UKR,2009,2009,Ukraine,,,,,0.379,0.37900,,,,,
HWF_0014,Pharmacists  (per 10 000 population),https://www.who.int/data/gho/indicator-metadata-registry/imr-details/5327,PUBLISHED,Published,,2010,2010,,,,,UKR,2010,2010,Ukraine,,,,,0.397,0.39700,,,,,
HWF_0006,Nursing and midwifery personnel (per 10 000 population),https://www.who.int/data/gho/indicator-metadata-registry/imr-details/5319,PUBLISHED,Published,,2000,2000,,,,,UKR,2000,2000,Ukraine,,,,,65.953,65.95300,,,,,
HWF_0006,Nursing and midwifery personnel (per 10 000 population),https://www.who.int/data/gho/indicator-metadata-registry/imr-details/5319,PUBLISHED,Published,,2001,2001,,,,,UKR,2001,2001,Ukraine,,,,,65.732,65.73200,,,,,
HWF_0006,Nursing and midwifery personnel (per 10 000 population),https://www.who.int/data/gho/indicator-metadata-registry/imr-details/5319,PUBLISHED,Published,,2002,2002,,,,,UKR,2002,2002,Ukraine,,,,,65.594,65.59400,,,,,
HWF_0006,Nursing and midwifery personnel (per 10 000 population),https://www.who.int/data/gho/indicator-metadata-registry/imr-details/5319,PUBLISHED,Published,,2003,2003,,,,,UKR,2003,2003,Ukraine,,,,,65.799,65.79900,,,,,
HWF_0006,Nursing and midwifery personnel (per 10 000 population),https://www.who.int/data/gho/indicator-metadata-registry/imr-details/5319,PUBLISHED,Published,,2004,2004,,,,,UKR,2004,2004,Ukraine,,,,,66.006,66.00600,,,,,
HWF_0006,Nursing and midwifery personnel (per 10 000 population),https://www.who.int/data/gho/indicator-metadata-registry/imr-details/5319,PUBLISHED,Published,,2005,2005,,,,,UKR,2005,2005,Ukraine,,,,,66.407,66.40700,,,,,
HWF_0006,Nursing and midwifery personnel (per 10 000 population),https://www.who.int/data/gho/indicator-metadata-registry/imr-details/5319,PUBLISHED,Published,,2006,2006,,,,,UKR,2006,2006,Ukraine,,,,,66.503,66.50300,,,,,
HWF_0006,Nursing and midwifery personnel (per 10 000 population),https://www.who.int/data/gho/indicator-metadata-registry/imr-details/5319,PUBLISHED,Published,,2007,2007,,,,,UKR,2007,2007,Ukraine,,,,,66.468,66.46800,,,,,
HWF_0006,Nursing and midwifery personnel (per 10 000 population),https://www.who.int/data/gho/indicator-metadata-registry/imr-details/5319,PUBLISHED,Published,,2008,2008,,,,,UKR,2008,2008,Ukraine,,,,,66.081,66.08100,,,,,
HWF_0006,Nursing and midwifery personnel (per 10 000 population),https://www.who.int/data/gho/indicator-metadata-registry/imr-details/5319,PUBLISHED,Published,,2009,2009,,,,,UKR,2009,2009,Ukraine,,,,,75.44,75.44000,,,,,
HWF_0006,Nursing and midwifery personnel (per 10 000 population),https://www.who.int/data/gho/indicator-metadata-registry/imr-details/5319,PUBLISHED,Published,,2010,2010,,,,,UKR,2010,2010,Ukraine,,,,,74.719,74.71900,,,,,
HWF_0006,Nursing and midwifery personnel (per 10 000 population),https://www.who.int/data/gho/indicator-metadata-registry/imr-details/5319,PUBLISHED,Published,,2011,2011,,,,,UKR,2011,2011,Ukraine,,,,,74.711,74.71100,,,,,
HWF_0006,Nursing and midwifery personnel (per 10 000 population),https://www.who.int/data/gho/indicator-metadata-registry/imr-details/5319,PUBLISHED,Published,,2012,2012,,,,,UKR,2012,2012,Ukraine,,,,,75.132,75.13200,,,,,
HWF_0006,Nursing and midwifery personnel (per 10 000 population),https://www.who.int/data/gho/indicator-metadata-registry/imr-details/5319,PUBLISHED,Published,,2013,2013,,,,,UKR,2013,2013,Ukraine,,,,,75.702,75.70200,,,,,
HWF_0006,Nursing and midwifery personnel (per 10 000 population),https://www.who.int/data/gho/indicator-metadata-registry/imr-details/5319,PUBLISHED,Published,,2014,2014,,,,,UKR,2014,2014,Ukraine,,,,,66.61,66.61000,,,,,
